game_id|away_team|home_team|game_state|date
2025020001|CHI|FLA|OFF|N/A
2025020002|PIT|NYR|OFF|N/A
2025020003|COL|LAK|OFF|N/A
2025020004|MTL|TOR|OFF|N/A
2025020005|BOS|WSH|OFF|N/A
2025020006|CGY|EDM|OFF|N/A
2025020007|LAK|VGK|OFF|N/A
2025020008|CHI|BOS|OFF|N/A
2025020009|NYR|BUF|OFF|N/A
2025020010|MTL|DET|OFF|N/A
2025020011|OTT|TBL|OFF|N/A
2025020012|PHI|FLA|OFF|N/A
2025020013|NYI|PIT|OFF|N/A
2025020014|NJD|CAR|OFF|N/A
2025020015|MIN|STL|OFF|N/A
2025020016|CBJ|NSH|OFF|N/A
2025020017|DAL|WPG|OFF|N/A
2025020018|UTA|COL|OFF|N/A
2025020019|CGY|VAN|OFF|N/A
2025020020|VGK|SJS|OFF|N/A
2025020021|ANA|SEA|OFF|N/A
2025020022|LAK|WPG|OFF|N/A
2025020023|STL|CGY|OFF|N/A
2025020024|BUF|BOS|OFF|N/A
2025020025|TOR|DET|OFF|N/A
2025020026|NJD|TBL|OFF|N/A
2025020027|OTT|FLA|OFF|N/A
2025020028|WSH|NYI|OFF|N/A
2025020029|NYR|PIT|OFF|N/A
2025020030|PHI|CAR|OFF|N/A
2025020031|MTL|CHI|OFF|N/A
2025020032|UTA|NSH|OFF|N/A
2025020033|CBJ|MIN|OFF|N/A
2025020034|DAL|COL|OFF|N/A
2025020035|VAN|EDM|OFF|N/A
2025020036|ANA|SJS|OFF|N/A
2025020037|VGK|SEA|OFF|N/A
2025020038|WSH|NYR|OFF|N/A
2025020039|COL|BUF|OFF|N/A
2025020040|TBL|BOS|OFF|N/A
2025020041|NSH|OTT|OFF|N/A
2025020042|WPG|NYI|OFF|N/A
2025020043|DET|TOR|OFF|N/A
2025020044|FLA|PHI|OFF|N/A
2025020045|NJD|CBJ|OFF|N/A
2025020046|STL|VAN|OFF|N/A
2025020047|LAK|MIN|OFF|N/A
2025020048|UTA|CHI|OFF|N/A
2025020049|NSH|TOR|OFF|N/A
2025020050|SEA|MTL|OFF|N/A
2025020051|EDM|NYR|OFF|N/A
2025020052|TBL|WSH|OFF|N/A
2025020053|VGK|CGY|OFF|N/A
2025020054|MIN|DAL|OFF|N/A
2025020055|CAR|SJS|OFF|N/A
2025020056|PIT|ANA|OFF|N/A
2025020057|OTT|BUF|OFF|N/A
2025020058|FLA|DET|OFF|N/A
2025020059|CHI|STL|OFF|N/A
2025020060|CGY|UTA|OFF|N/A
2025020061|NYR|TOR|OFF|N/A
2025020062|NSH|MTL|OFF|N/A
2025020063|SEA|OTT|OFF|N/A
2025020064|FLA|NJD|OFF|N/A
2025020066|WPG|PHI|OFF|N/A
2025020067|COL|CBJ|OFF|N/A
2025020065|EDM|NYI|OFF|N/A
2025020068|VAN|DAL|OFF|N/A
2025020069|BOS|VGK|OFF|N/A
2025020070|CAR|ANA|OFF|N/A
2025020071|PIT|LAK|OFF|N/A
2025020072|TBL|DET|OFF|N/A
2025020073|MIN|WSH|OFF|N/A
2025020074|VAN|CHI|OFF|N/A
2025020075|SJS|UTA|OFF|N/A
2025020076|FLA|BUF|OFF|N/A
2025020077|NYI|OTT|OFF|N/A
2025020078|EDM|NJD|OFF|N/A
2025020079|SEA|TOR|OFF|N/A
2025020080|NYR|MTL|OFF|N/A
2025020081|MIN|PHI|OFF|N/A
2025020082|TBL|CBJ|OFF|N/A
2025020083|DAL|STL|OFF|N/A
2025020084|NSH|WPG|OFF|N/A
2025020085|BOS|COL|OFF|N/A
2025020086|CAR|LAK|OFF|N/A
2025020087|CGY|VGK|OFF|N/A
2025020088|PIT|SJS|OFF|N/A
2025020089|VAN|WSH|OFF|N/A
2025020090|EDM|DET|OFF|N/A
2025020091|ANA|CHI|OFF|N/A
2025020092|BOS|UTA|OFF|N/A
2025020093|MIN|NYR|OFF|N/A
2025020094|SEA|PHI|OFF|N/A
2025020095|BUF|MTL|OFF|N/A
2025020096|WPG|CGY|OFF|N/A
2025020097|CAR|VGK|OFF|N/A
2025020098|NJD|TOR|OFF|N/A
2025020099|EDM|OTT|OFF|N/A
2025020100|SJS|NYI|OFF|N/A
2025020101|VAN|PIT|OFF|N/A
2025020102|SEA|WSH|OFF|N/A
2025020103|FLA|BOS|OFF|N/A
2025020104|LAK|STL|OFF|N/A
2025020105|ANA|NSH|OFF|N/A
2025020106|CBJ|DAL|OFF|N/A
2025020107|COL|UTA|OFF|N/A
2025020108|MIN|NJD|OFF|N/A
2025020109|DET|BUF|OFF|N/A
2025020110|MTL|CGY|OFF|N/A
2025020113|CHI|TBL|OFF|N/A
2025020111|ANA|BOS|OFF|N/A
2025020112|PHI|OTT|OFF|N/A
2025020114|PIT|FLA|OFF|N/A
2025020115|DET|NYI|OFF|N/A
2025020116|SJS|NYR|OFF|N/A
2025020117|UTA|STL|OFF|N/A
2025020118|VAN|NSH|OFF|N/A
2025020120|SEA|WPG|OFF|N/A
2025020119|LAK|DAL|OFF|N/A
2025020121|CAR|COL|OFF|N/A
2025020122|MTL|EDM|OFF|N/A
2025020123|TOR|BUF|OFF|N/A
2025020124|SJS|NJD|OFF|N/A
2025020125|WSH|CBJ|OFF|N/A
2025020126|CGY|WPG|OFF|N/A
2025020127|NYI|PHI|OFF|N/A
2025020128|COL|BOS|OFF|N/A
2025020129|ANA|TBL|OFF|N/A
2025020132|BUF|TOR|OFF|N/A
2025020130|VGK|FLA|OFF|N/A
2025020131|UTA|MIN|OFF|N/A
2025020133|STL|DET|OFF|N/A
2025020134|CBJ|PIT|OFF|N/A
2025020135|OTT|WSH|OFF|N/A
2025020136|MTL|VAN|OFF|N/A
2025020137|LAK|NSH|OFF|N/A
2025020138|CAR|DAL|OFF|N/A
2025020139|EDM|SEA|OFF|N/A
2025020140|COL|NJD|OFF|N/A
2025020141|VGK|TBL|OFF|N/A
2025020142|SJS|MIN|OFF|N/A
2025020143|UTA|WPG|OFF|N/A
2025020144|LAK|CHI|OFF|N/A
2025020145|DAL|NSH|OFF|N/A
2025020146|NYR|CGY|OFF|N/A
2025020147|EDM|VAN|OFF|N/A
2025020148|STL|PIT|FUT|N/A
2025020149|BOS|OTT|FUT|N/A
2025020150|PIT|PHI|FUT|N/A
2025020151|CGY|TOR|FUT|N/A
2025020155|VGK|CAR|FUT|N/A
2025020152|CBJ|BUF|FUT|N/A
2025020153|ANA|FLA|FUT|N/A
2025020154|NYI|BOS|FUT|N/A
2025020156|TBL|NSH|FUT|N/A
2025020157|WPG|MIN|FUT|N/A
2025020158|DET|STL|FUT|N/A
2025020159|WSH|DAL|FUT|N/A
2025020160|OTT|CHI|FUT|N/A
2025020161|NJD|COL|FUT|N/A
2025020162|UTA|EDM|FUT|N/A
2025020163|NYR|VAN|FUT|N/A
2025020164|MTL|SEA|FUT|N/A
2025020165|LAK|SJS|FUT|N/A
2025020166|TOR|CBJ|FUT|N/A
2025020167|BUF|BOS|FUT|N/A
2025020168|CGY|OTT|FUT|N/A
2025020169|DAL|TBL|FUT|N/A
2025020170|NSH|PHI|FUT|N/A
2025020171|NYI|CAR|FUT|N/A
2025020172|VAN|STL|FUT|N/A
2025020173|PIT|MIN|FUT|N/A
2025020174|CHI|WPG|FUT|N/A
2025020175|NYR|EDM|FUT|N/A
2025020176|NJD|SJS|FUT|N/A
2025020177|DET|LAK|FUT|N/A
2025020178|COL|VGK|FUT|N/A
2025020179|NYI|WSH|FUT|N/A
2025020180|DET|ANA|FUT|N/A
2025020181|CAR|BOS|FUT|N/A
2025020182|PIT|WPG|FUT|N/A
2025020183|CGY|NSH|FUT|N/A
2025020184|COL|SJS|FUT|N/A
2025020185|DAL|FLA|FUT|N/A
2025020186|WSH|BUF|FUT|N/A
2025020187|OTT|MTL|FUT|N/A
2025020188|TOR|PHI|FUT|N/A
2025020189|STL|CBJ|FUT|N/A
2025020190|VAN|MIN|FUT|N/A
2025020191|NJD|LAK|FUT|N/A
2025020192|CHI|EDM|FUT|N/A
2025020193|NYR|SEA|FUT|N/A
2025020194|TBL|UTA|FUT|N/A
2025020195|CBJ|NYI|FUT|N/A
2025020196|CGY|PHI|FUT|N/A
2025020197|NJD|ANA|FUT|N/A
2025020198|DET|SJS|FUT|N/A
2025020199|PIT|TOR|FUT|N/A
2025020200|EDM|STL|FUT|N/A
2025020201|VAN|NSH|FUT|N/A
2025020202|CHI|SEA|FUT|N/A
2025020203|UTA|BUF|FUT|N/A
2025020204|PHI|MTL|FUT|N/A
2025020205|BOS|NYI|FUT|N/A
2025020206|CAR|NYR|FUT|N/A
2025020207|EDM|DAL|FUT|N/A
2025020208|NSH|MIN|FUT|N/A
2025020209|TBL|COL|FUT|N/A
2025020210|DET|VGK|FUT|N/A
2025020211|FLA|ANA|FUT|N/A
2025020212|WPG|LAK|FUT|N/A
2025020213|UTA|TOR|FUT|N/A
2025020214|STL|WSH|FUT|N/A
2025020215|CBJ|CGY|FUT|N/A
2025020216|CHI|VAN|FUT|N/A
2025020217|SJS|SEA|FUT|N/A
2025020218|OTT|BOS|FUT|N/A
2025020219|STL|BUF|FUT|N/A
2025020220|MTL|NJD|FUT|N/A
2025020222|MIN|CAR|FUT|N/A
2025020221|WSH|PIT|FUT|N/A
2025020223|PHI|NSH|FUT|N/A
2025020224|ANA|DAL|FUT|N/A
2025020225|TBL|VGK|FUT|N/A
2025020226|FLA|LAK|FUT|N/A
2025020227|NYR|DET|FUT|N/A
2025020228|MIN|NYI|FUT|N/A
2025020229|CHI|CGY|FUT|N/A
2025020230|WPG|SJS|FUT|N/A
2025020231|PIT|NJD|FUT|N/A
2025020232|OTT|PHI|FUT|N/A
2025020233|DAL|NSH|FUT|N/A
2025020234|BOS|TOR|FUT|N/A
2025020235|UTA|MTL|FUT|N/A
2025020236|WSH|TBL|FUT|N/A
2025020237|NYI|NYR|FUT|N/A
2025020238|BUF|CAR|FUT|N/A
2025020239|SEA|STL|FUT|N/A
2025020240|COL|EDM|FUT|N/A
2025020241|CBJ|VAN|FUT|N/A
2025020242|ANA|VGK|FUT|N/A
2025020243|FLA|SJS|FUT|N/A
2025020244|CHI|DET|FUT|N/A
2025020245|LAK|PIT|FUT|N/A
2025020246|CAR|TOR|FUT|N/A
2025020247|UTA|OTT|FUT|N/A
2025020248|SEA|DAL|FUT|N/A
2025020249|CGY|MIN|FUT|N/A
2025020250|COL|VAN|FUT|N/A
2025020251|WPG|ANA|FUT|N/A
2025020252|NYI|NJD|FUT|N/A
2025020253|NSH|NYR|FUT|N/A
2025020254|CBJ|EDM|FUT|N/A
2025020255|FLA|VGK|FUT|N/A
2025020256|TOR|BOS|FUT|N/A
2025020257|LAK|MTL|FUT|N/A
2025020258|DAL|OTT|FUT|N/A
2025020259|WSH|CAR|FUT|N/A
2025020260|CGY|STL|FUT|N/A
2025020261|SJS|MIN|FUT|N/A
2025020262|ANA|COL|FUT|N/A
2025020263|WPG|VAN|FUT|N/A
2025020264|CBJ|SEA|FUT|N/A
2025020265|NYR|TBL|FUT|N/A
2025020266|EDM|PHI|FUT|N/A
2025020267|BUF|UTA|FUT|N/A
2025020268|NJD|CHI|FUT|N/A
2025020269|LAK|TOR|FUT|N/A
2025020270|DAL|MTL|FUT|N/A
2025020271|BOS|OTT|FUT|N/A
2025020272|ANA|DET|FUT|N/A
2025020273|WSH|FLA|FUT|N/A
2025020274|EDM|CBJ|FUT|N/A
2025020275|BUF|COL|FUT|N/A
2025020276|SJS|CGY|FUT|N/A
2025020277|NYI|VGK|FUT|N/A
2025020278|WPG|SEA|FUT|N/A
2025020281|PIT|NSH|FUT|N/A
2025020279|VAN|CAR|FUT|N/A
2025020280|PHI|STL|FUT|N/A
2025020282|NYI|UTA|FUT|N/A
2025020283|TBL|FLA|FUT|N/A
2025020284|ANA|MIN|FUT|N/A
2025020285|BOS|MTL|FUT|N/A
2025020286|LAK|OTT|FUT|N/A
2025020287|BUF|DET|FUT|N/A
2025020288|NJD|WSH|FUT|N/A
2025020289|EDM|CAR|FUT|N/A
2025020290|NYR|CBJ|FUT|N/A
2025020291|TOR|CHI|FUT|N/A
2025020292|VGK|STL|FUT|N/A
2025020293|PHI|DAL|FUT|N/A
2025020294|WPG|CGY|FUT|N/A
2025020295|SJS|SEA|FUT|N/A
2025020296|NSH|PIT|FUT|N/A
2025020297|VAN|TBL|FUT|N/A
2025020298|VGK|MIN|FUT|N/A
2025020299|DET|NYR|FUT|N/A
2025020300|NYI|COL|FUT|N/A
2025020301|CAR|BOS|FUT|N/A
2025020302|EDM|BUF|FUT|N/A
2025020303|VAN|FLA|FUT|N/A
2025020304|LAK|WSH|FUT|N/A
2025020305|MTL|CBJ|FUT|N/A
2025020306|UTA|ANA|FUT|N/A
2025020307|STL|TOR|FUT|N/A
2025020308|SEA|DET|FUT|N/A
2025020309|NJD|TBL|FUT|N/A
2025020310|NYI|DAL|FUT|N/A
2025020311|CBJ|WPG|FUT|N/A
2025020312|CGY|CHI|FUT|N/A
2025020313|NYR|VGK|FUT|N/A
2025020314|UTA|SJS|FUT|N/A
2025020315|EDM|WSH|FUT|N/A
2025020316|CGY|BUF|FUT|N/A
2025020317|CAR|MIN|FUT|N/A
2025020318|BOS|ANA|FUT|N/A
2025020319|CBJ|TOR|FUT|N/A
2025020320|WSH|MTL|FUT|N/A
2025020321|NYI|DET|FUT|N/A
2025020323|NJD|FLA|FUT|N/A
2025020324|STL|PHI|FUT|N/A
2025020322|EDM|TBL|FUT|N/A
2025020325|SEA|CHI|FUT|N/A
2025020326|NYR|COL|FUT|N/A
2025020327|VGK|UTA|FUT|N/A
2025020328|DAL|VAN|FUT|N/A
2025020329|OTT|ANA|FUT|N/A
2025020330|LAK|SJS|FUT|N/A
2025020331|CHI|BUF|FUT|N/A
2025020332|MIN|PIT|FUT|N/A
2025020333|CAR|WPG|FUT|N/A
2025020334|BOS|LAK|FUT|N/A
2025020335|CBJ|DET|FUT|N/A
2025020336|STL|NYI|FUT|N/A
2025020337|TOR|MTL|FUT|N/A
2025020338|EDM|FLA|FUT|N/A
2025020339|NJD|PHI|FUT|N/A
2025020340|SEA|PIT|FUT|N/A
2025020341|TBL|WSH|FUT|N/A
2025020342|OTT|SJS|FUT|N/A
2025020343|COL|NSH|FUT|N/A
2025020344|NYR|UTA|FUT|N/A
2025020345|DAL|CGY|FUT|N/A
2025020346|VGK|ANA|FUT|N/A
2025020347|CAR|BUF|FUT|N/A
2025020348|MIN|WPG|FUT|N/A
2025020349|SEA|NYI|FUT|N/A
2025020350|COL|CHI|FUT|N/A
2025020351|BOS|SJS|FUT|N/A
2025020352|CGY|VAN|FUT|N/A
2025020353|PHI|TBL|FUT|N/A
2025020354|DET|NJD|FUT|N/A
2025020355|STL|NYR|FUT|N/A
2025020356|CBJ|WSH|FUT|N/A
2025020357|FLA|NSH|FUT|N/A
2025020358|VGK|UTA|FUT|N/A
2025020359|OTT|LAK|FUT|N/A
2025020360|DAL|EDM|FUT|N/A
2025020361|NSH|DET|FUT|N/A
2025020362|CGY|TBL|FUT|N/A
2025020363|PHI|FLA|FUT|N/A
2025020364|STL|NJD|FUT|N/A
2025020365|BOS|NYI|FUT|N/A
2025020366|BUF|PIT|FUT|N/A
2025020367|WPG|WSH|FUT|N/A
2025020368|NYR|CAR|FUT|N/A
2025020369|TOR|CBJ|FUT|N/A
2025020370|MIN|CHI|FUT|N/A
2025020371|SJS|COL|FUT|N/A
2025020372|MTL|UTA|FUT|N/A
2025020373|OTT|VGK|FUT|N/A
2025020374|VAN|ANA|FUT|N/A
2025020375|DAL|SEA|FUT|N/A
2025020377|TBL|DET|FUT|N/A
2025020376|NYR|BOS|FUT|N/A
2025020378|COL|MIN|FUT|N/A
2025020379|NJD|BUF|FUT|N/A
2025020380|CGY|FLA|FUT|N/A
2025020381|PHI|NYI|FUT|N/A
2025020382|OTT|STL|FUT|N/A
2025020383|MTL|VGK|FUT|N/A
2025020384|LAK|ANA|FUT|N/A
2025020385|VAN|SJS|FUT|N/A
2025020386|TOR|WSH|FUT|N/A
2025020387|WPG|CAR|FUT|N/A
2025020388|PIT|CBJ|FUT|N/A
2025020389|NSH|CHI|FUT|N/A
2025020390|UTA|DAL|FUT|N/A
2025020391|TBL|NYR|FUT|N/A
2025020392|MTL|COL|FUT|N/A
2025020393|EDM|SEA|FUT|N/A
2025020394|DET|BOS|FUT|N/A
2025020395|PHI|NJD|FUT|N/A
2025020396|TOR|PIT|FUT|N/A
2025020397|WPG|NSH|FUT|N/A
2025020398|UTA|STL|FUT|N/A
2025020399|BUF|MIN|FUT|N/A
2025020400|SJS|VGK|FUT|N/A
2025020401|VAN|LAK|FUT|N/A
2025020402|WSH|NYI|FUT|N/A
2025020403|ANA|CHI|FUT|N/A
2025020404|CGY|CAR|FUT|N/A
2025020405|OTT|DAL|FUT|N/A
2025020406|CBJ|NJD|FUT|N/A
2025020407|PIT|PHI|FUT|N/A
2025020408|WPG|BUF|FUT|N/A
2025020409|ANA|STL|FUT|N/A
2025020410|UTA|SJS|FUT|N/A
2025020411|OTT|MTL|FUT|N/A
2025020412|BOS|DET|FUT|N/A
2025020414|TBL|NYI|FUT|N/A
2025020415|DAL|NYR|FUT|N/A
2025020413|TOR|FLA|FUT|N/A
2025020416|CGY|NSH|FUT|N/A
2025020417|VAN|COL|FUT|N/A
2025020418|MIN|EDM|FUT|N/A
2025020419|CHI|VGK|FUT|N/A
2025020420|WSH|LAK|FUT|N/A
2025020421|DAL|NJD|FUT|N/A
2025020422|WPG|MTL|FUT|N/A
2025020423|BUF|PHI|FUT|N/A
2025020424|UTA|ANA|FUT|N/A
2025020425|WSH|SJS|FUT|N/A
2025020426|STL|BOS|FUT|N/A
2025020427|NYR|OTT|FUT|N/A
2025020428|PIT|TBL|FUT|N/A
2025020429|NSH|FLA|FUT|N/A
2025020430|COL|NYI|FUT|N/A
2025020431|TOR|CAR|FUT|N/A
2025020432|DET|CBJ|FUT|N/A
2025020433|MIN|CGY|FUT|N/A
2025020434|SEA|EDM|FUT|N/A
2025020435|CHI|LAK|FUT|N/A
2025020436|VGK|NJD|FUT|N/A
2025020437|BUF|WPG|FUT|N/A
2025020438|SJS|DAL|FUT|N/A
2025020439|UTA|VAN|FUT|N/A
2025020440|WSH|ANA|FUT|N/A
2025020441|COL|NYR|FUT|N/A
2025020442|CBJ|FLA|FUT|N/A
2025020443|NJD|BOS|FUT|N/A
2025020444|MTL|TOR|FUT|N/A
2025020445|STL|OTT|FUT|N/A
2025020446|NYI|TBL|FUT|N/A
2025020447|NSH|CAR|FUT|N/A
2025020448|UTA|CGY|FUT|N/A
2025020449|CHI|LAK|FUT|N/A
2025020450|WPG|EDM|FUT|N/A
2025020451|MIN|VAN|FUT|N/A
2025020452|DET|SEA|FUT|N/A
2025020453|COL|PHI|FUT|N/A
2025020454|NYI|FLA|FUT|N/A
2025020455|SJS|CAR|FUT|N/A
2025020456|PIT|DAL|FUT|N/A
2025020457|STL|MTL|FUT|N/A
2025020458|VGK|NYR|FUT|N/A
2025020459|CBJ|WSH|FUT|N/A
2025020460|CHI|ANA|FUT|N/A
2025020461|TBL|TOR|FUT|N/A
2025020462|LAK|UTA|FUT|N/A
2025020463|BUF|CGY|FUT|N/A
2025020464|DET|VAN|FUT|N/A
2025020465|MIN|SEA|FUT|N/A
2025020466|TBL|MTL|FUT|N/A
2025020467|NJD|OTT|FUT|N/A
2025020468|VGK|NYI|FUT|N/A
2025020469|SJS|PHI|FUT|N/A
2025020470|ANA|PIT|FUT|N/A
2025020471|CBJ|CAR|FUT|N/A
2025020472|BOS|STL|FUT|N/A
2025020473|DAL|WPG|FUT|N/A
2025020474|BUF|EDM|FUT|N/A
2025020475|COL|NSH|FUT|N/A
2025020476|NYR|CHI|FUT|N/A
2025020477|DET|CGY|FUT|N/A
2025020478|FLA|UTA|FUT|N/A
2025020479|LAK|SEA|FUT|N/A
2025020480|SJS|TOR|FUT|N/A
2025020481|TBL|NJD|FUT|N/A
2025020482|ANA|NYI|FUT|N/A
2025020483|VGK|PHI|FUT|N/A
2025020484|MTL|PIT|FUT|N/A
2025020485|CAR|WSH|FUT|N/A
2025020486|OTT|CBJ|FUT|N/A
2025020487|STL|NSH|FUT|N/A
2025020488|DAL|MIN|FUT|N/A
2025020489|BOS|WPG|FUT|N/A
2025020491|DET|EDM|FUT|N/A
2025020490|FLA|COL|FUT|N/A
2025020492|BUF|VAN|FUT|N/A
2025020493|CHI|STL|FUT|N/A
2025020494|SEA|UTA|FUT|N/A
2025020495|ANA|NJD|FUT|N/A
2025020496|OTT|MIN|FUT|N/A
2025020497|SJS|PIT|FUT|N/A
2025020498|TBL|NYI|FUT|N/A
2025020499|EDM|TOR|FUT|N/A
2025020500|MTL|NYR|FUT|N/A
2025020501|CAR|PHI|FUT|N/A
2025020502|VGK|CBJ|FUT|N/A
2025020503|WSH|WPG|FUT|N/A
2025020504|DET|CHI|FUT|N/A
2025020505|FLA|DAL|FUT|N/A
2025020506|NSH|COL|FUT|N/A
2025020507|CGY|LAK|FUT|N/A
2025020508|VAN|NJD|FUT|N/A
2025020509|UTA|PIT|FUT|N/A
2025020510|PHI|CAR|FUT|N/A
2025020511|BOS|MIN|FUT|N/A
2025020512|EDM|MTL|FUT|N/A
2025020513|BUF|SEA|FUT|N/A
2025020514|FLA|TBL|FUT|N/A
2025020515|ANA|NYR|FUT|N/A
2025020516|OTT|WPG|FUT|N/A
2025020517|NSH|STL|FUT|N/A
2025020518|LAK|DAL|FUT|N/A
2025020519|UTA|BOS|FUT|N/A
2025020520|CHI|TOR|FUT|N/A
2025020521|PHI|MTL|FUT|N/A
2025020522|NYI|DET|FUT|N/A
2025020523|VAN|NYR|FUT|N/A
2025020525|ANA|CBJ|FUT|N/A
2025020524|EDM|PIT|FUT|N/A
2025020526|WSH|MIN|FUT|N/A
2025020527|CGY|SJS|FUT|N/A
2025020528|COL|SEA|FUT|N/A
2025020529|LAK|FLA|FUT|N/A
2025020530|UTA|DET|FUT|N/A
2025020531|WPG|STL|FUT|N/A
2025020532|CAR|NSH|FUT|N/A
2025020533|NJD|VGK|FUT|N/A
2025020534|EDM|BOS|FUT|N/A
2025020536|CHI|MTL|FUT|N/A
2025020537|PIT|OTT|FUT|N/A
2025020538|LAK|TBL|FUT|N/A
2025020539|TOR|WSH|FUT|N/A
2025020540|MIN|CBJ|FUT|N/A
2025020535|PHI|BUF|FUT|N/A
2025020541|NYR|STL|FUT|N/A
2025020542|SEA|CGY|FUT|N/A
2025020543|DAL|SJS|FUT|N/A
2025020544|CAR|FLA|FUT|N/A
2025020545|VAN|NYI|FUT|N/A
2025020546|WPG|COL|FUT|N/A
2025020547|NJD|UTA|FUT|N/A
2025020548|DAL|ANA|FUT|N/A
2025020549|PHI|NYR|FUT|N/A
2025020550|DET|WSH|FUT|N/A
2025020551|CHI|OTT|FUT|N/A
2025020552|EDM|MIN|FUT|N/A
2025020553|NYI|BUF|FUT|N/A
2025020554|STL|FLA|FUT|N/A
2025020555|VAN|BOS|FUT|N/A
2025020556|PIT|MTL|FUT|N/A
2025020557|CAR|TBL|FUT|N/A
2025020558|TOR|NSH|FUT|N/A
2025020559|VGK|CGY|FUT|N/A
2025020560|CBJ|ANA|FUT|N/A
2025020561|SEA|SJS|FUT|N/A
2025020562|WSH|DET|FUT|N/A
2025020563|COL|MIN|FUT|N/A
2025020564|OTT|BOS|FUT|N/A
2025020565|BUF|NJD|FUT|N/A
2025020566|MTL|PIT|FUT|N/A
2025020567|NYR|NSH|FUT|N/A
2025020568|TOR|DAL|FUT|N/A
2025020569|WPG|UTA|FUT|N/A
2025020570|VGK|EDM|FUT|N/A
2025020571|STL|TBL|FUT|N/A
2025020572|VAN|PHI|FUT|N/A
2025020573|SEA|ANA|FUT|N/A
2025020574|CBJ|LAK|FUT|N/A
2025020575|PIT|TOR|FUT|N/A
2025020579|DAL|DET|FUT|N/A
2025020576|NYR|WSH|FUT|N/A
2025020577|MTL|BOS|FUT|N/A
2025020578|BUF|OTT|FUT|N/A
2025020580|NJD|NYI|FUT|N/A
2025020581|FLA|CAR|FUT|N/A
2025020582|NSH|MIN|FUT|N/A
2025020583|PHI|CHI|FUT|N/A
2025020584|UTA|COL|FUT|N/A
2025020585|CGY|EDM|FUT|N/A
2025020586|SJS|VGK|FUT|N/A
2025020587|SEA|LAK|FUT|N/A
2025020588|NYR|NYI|FUT|N/A
2025020589|BOS|BUF|FUT|N/A
2025020590|OTT|TOR|FUT|N/A
2025020591|TBL|FLA|FUT|N/A
2025020592|WSH|NJD|FUT|N/A
2025020593|DET|CAR|FUT|N/A
2025020594|MIN|WPG|FUT|N/A
2025020595|NSH|STL|FUT|N/A
2025020596|CHI|DAL|FUT|N/A
2025020597|ANA|LAK|FUT|N/A
2025020598|EDM|CGY|FUT|N/A
2025020599|SJS|VAN|FUT|N/A
2025020600|COL|VGK|FUT|N/A
2025020602|MTL|TBL|FUT|N/A
2025020603|NYI|CBJ|FUT|N/A
2025020601|TOR|DET|FUT|N/A
2025020604|PIT|CHI|FUT|N/A
2025020605|PHI|SEA|FUT|N/A
2025020606|CBJ|OTT|FUT|N/A
2025020607|WSH|FLA|FUT|N/A
2025020608|NYR|CAR|FUT|N/A
2025020609|EDM|WPG|FUT|N/A
2025020610|BUF|STL|FUT|N/A
2025020611|LAK|COL|FUT|N/A
2025020612|NSH|UTA|FUT|N/A
2025020613|BOS|CGY|FUT|N/A
2025020614|MIN|VGK|FUT|N/A
2025020615|SJS|ANA|FUT|N/A
2025020616|VAN|SEA|FUT|N/A
2025020617|NJD|TOR|FUT|N/A
2025020618|MTL|FLA|FUT|N/A
2025020619|CAR|PIT|FUT|N/A
2025020620|NYI|CHI|FUT|N/A
2025020621|PHI|VAN|FUT|N/A
2025020622|NYR|WSH|FUT|N/A
2025020623|NSH|VGK|FUT|N/A
2025020624|TBL|ANA|FUT|N/A
2025020625|MIN|SJS|FUT|N/A
2025020626|WPG|DET|FUT|N/A
2025020627|NJD|CBJ|FUT|N/A
2025020628|BUF|DAL|FUT|N/A
2025020629|STL|COL|FUT|N/A
2025020630|PHI|CGY|FUT|N/A
2025020631|BOS|EDM|FUT|N/A
2025020632|WSH|OTT|FUT|N/A
2025020633|UTA|NYI|FUT|N/A
2025020634|WPG|TOR|FUT|N/A
2025020635|DET|PIT|FUT|N/A
2025020636|MTL|CAR|FUT|N/A
2025020639|TBL|LAK|FUT|N/A
2025020637|DAL|CHI|FUT|N/A
2025020638|NSH|SEA|FUT|N/A
2025020640|VGK|STL|FUT|N/A
2025020641|NYR|FLA|FUT|N/A
2025020642|SEA|VAN|FUT|N/A
2025020643|MIN|ANA|FUT|N/A
2025020644|PIT|DET|FUT|N/A
2025020645|UTA|NJD|FUT|N/A
2025020646|BUF|CBJ|FUT|N/A
2025020647|PHI|EDM|FUT|N/A
2025020648|MTL|STL|FUT|N/A
2025020649|TBL|SJS|FUT|N/A
2025020650|WPG|OTT|FUT|N/A
2025020651|TOR|NYI|FUT|N/A
2025020652|CHI|WSH|FUT|N/A
2025020653|COL|CAR|FUT|N/A
2025020654|NSH|CGY|FUT|N/A
2025020655|MIN|LAK|FUT|N/A
2025020656|BOS|VAN|FUT|N/A
2025020657|MTL|DAL|FUT|N/A
2025020658|PIT|CBJ|FUT|N/A
2025020659|COL|FLA|FUT|N/A
2025020660|CAR|NJD|FUT|N/A
2025020661|VGK|CHI|FUT|N/A
2025020662|UTA|NYR|FUT|N/A
2025020663|ANA|WSH|FUT|N/A
2025020664|DET|OTT|FUT|N/A
2025020665|SEA|CGY|FUT|N/A
2025020666|MIN|LAK|FUT|N/A
2025020667|VAN|BUF|FUT|N/A
2025020668|COL|TBL|FUT|N/A
2025020670|ANA|PHI|FUT|N/A
2025020671|DAL|CAR|FUT|N/A
2025020669|NJD|NYI|FUT|N/A
2025020672|FLA|TOR|FUT|N/A
2025020673|VGK|WPG|FUT|N/A
2025020674|NSH|EDM|FUT|N/A
2025020675|CBJ|SJS|FUT|N/A
2025020676|BOS|SEA|FUT|N/A
2025020677|DAL|WSH|FUT|N/A
2025020678|CGY|MTL|FUT|N/A
2025020679|STL|CHI|FUT|N/A
2025020680|OTT|UTA|FUT|N/A
2025020681|SJS|LAK|FUT|N/A
2025020682|CGY|BOS|FUT|N/A
2025020683|FLA|MTL|FUT|N/A
2025020684|VAN|DET|FUT|N/A
2025020685|BUF|NYR|FUT|N/A
2025020686|TOR|PHI|FUT|N/A
2025020687|NJD|PIT|FUT|N/A
2025020688|ANA|CAR|FUT|N/A
2025020689|NYI|NSH|FUT|N/A
2025020690|EDM|WPG|FUT|N/A
2025020691|OTT|COL|FUT|N/A
2025020692|CBJ|VGK|FUT|N/A
2025020693|MIN|SEA|FUT|N/A
2025020694|WSH|CHI|FUT|N/A
2025020695|LAK|WPG|FUT|N/A
2025020696|STL|UTA|FUT|N/A
2025020697|NYR|BOS|FUT|N/A
2025020698|CGY|PIT|FUT|N/A
2025020699|CBJ|COL|FUT|N/A
2025020700|DAL|SJS|FUT|N/A
2025020701|ANA|BUF|FUT|N/A
2025020702|VAN|TOR|FUT|N/A
2025020703|DET|MTL|FUT|N/A
2025020704|FLA|OTT|FUT|N/A
2025020705|TBL|PHI|FUT|N/A
2025020706|SEA|CAR|FUT|N/A
2025020707|CHI|NSH|FUT|N/A
2025020708|NYI|MIN|FUT|N/A
2025020709|LAK|EDM|FUT|N/A
2025020710|STL|VGK|FUT|N/A
2025020711|NJD|WPG|FUT|N/A
2025020712|PIT|BOS|FUT|N/A
2025020713|WSH|NSH|FUT|N/A
2025020714|CBJ|UTA|FUT|N/A
2025020715|VGK|SJS|FUT|N/A
2025020716|FLA|BUF|FUT|N/A
2025020717|CAR|DET|FUT|N/A
2025020718|SEA|NYR|FUT|N/A
2025020719|TBL|PHI|FUT|N/A
2025020720|VAN|MTL|FUT|N/A
2025020721|NJD|MIN|FUT|N/A
2025020722|EDM|CHI|FUT|N/A
2025020723|TOR|COL|FUT|N/A
2025020724|DAL|LAK|FUT|N/A
2025020725|VAN|OTT|FUT|N/A
2025020726|TBL|PIT|FUT|N/A
2025020727|MTL|WSH|FUT|N/A
2025020728|CGY|CBJ|FUT|N/A
2025020729|DET|BOS|FUT|N/A
2025020730|CAR|STL|FUT|N/A
2025020731|EDM|NSH|FUT|N/A
2025020732|NYI|WPG|FUT|N/A
2025020733|TOR|UTA|FUT|N/A
2025020734|DAL|ANA|FUT|N/A
2025020735|SEA|NJD|FUT|N/A
2025020736|PHI|BUF|FUT|N/A
2025020737|OTT|NYR|FUT|N/A
2025020738|VGK|LAK|FUT|N/A
2025020739|SEA|BOS|FUT|N/A
2025020740|MTL|BUF|FUT|N/A
2025020741|PHI|PIT|FUT|N/A
2025020742|SJS|WSH|FUT|N/A
2025020743|VAN|CBJ|FUT|N/A
2025020744|WPG|MIN|FUT|N/A
2025020745|CGY|CHI|FUT|N/A
2025020746|DAL|UTA|FUT|N/A
2025020747|NYI|EDM|FUT|N/A
2025020748|TOR|VGK|FUT|N/A
2025020749|SJS|DET|FUT|N/A
2025020750|FLA|CAR|FUT|N/A
2025020751|TBL|STL|FUT|N/A
2025020752|NSH|COL|FUT|N/A
2025020753|ANA|LAK|FUT|N/A
2025020754|MIN|BUF|FUT|N/A
2025020755|NYR|PHI|FUT|N/A
2025020756|NYI|CGY|FUT|N/A
2025020757|SEA|UTA|FUT|N/A
2025020758|MTL|OTT|FUT|N/A
2025020759|CAR|NJD|FUT|N/A
2025020760|CBJ|PIT|FUT|N/A
2025020761|FLA|WSH|FUT|N/A
2025020762|TOR|WPG|FUT|N/A
2025020763|BOS|CHI|FUT|N/A
2025020764|EDM|VAN|FUT|N/A
2025020765|NSH|VGK|FUT|N/A
2025020766|LAK|ANA|FUT|N/A
2025020767|TBL|DAL|FUT|N/A
2025020768|OTT|DET|FUT|N/A
2025020769|STL|EDM|FUT|N/A
2025020770|BUF|CAR|FUT|N/A
2025020771|WSH|COL|FUT|N/A
2025020772|PIT|SEA|FUT|N/A
2025020773|SJS|FLA|FUT|N/A
2025020774|MIN|TOR|FUT|N/A
2025020775|PHI|VGK|FUT|N/A
2025020776|WPG|CHI|FUT|N/A
2025020777|NJD|CGY|FUT|N/A
2025020778|NYI|VAN|FUT|N/A
2025020779|NYR|ANA|FUT|N/A
2025020780|MIN|MTL|FUT|N/A
2025020781|SJS|TBL|FUT|N/A
2025020782|OTT|CBJ|FUT|N/A
2025020783|BOS|DAL|FUT|N/A
2025020784|BUF|NSH|FUT|N/A
2025020785|STL|WPG|FUT|N/A
2025020786|NJD|EDM|FUT|N/A
2025020787|NYR|LAK|FUT|N/A
2025020788|DET|TOR|FUT|N/A
2025020789|ANA|COL|FUT|N/A
2025020790|PHI|UTA|FUT|N/A
2025020791|PIT|CGY|FUT|N/A
2025020793|NYI|SEA|FUT|N/A
2025020792|WSH|VAN|FUT|N/A
2025020794|VGK|BOS|FUT|N/A
2025020795|BUF|MTL|FUT|N/A
2025020796|CHI|CAR|FUT|N/A
2025020797|DAL|CBJ|FUT|N/A
2025020798|OTT|NSH|FUT|N/A
2025020799|FLA|WPG|FUT|N/A
2025020800|PIT|EDM|FUT|N/A
2025020801|DET|MIN|FUT|N/A
2025020802|VGK|TOR|FUT|N/A
2025020803|TBL|CHI|FUT|N/A
2025020804|STL|DAL|FUT|N/A
2025020805|PHI|COL|FUT|N/A
2025020806|WSH|CGY|FUT|N/A
2025020807|NJD|VAN|FUT|N/A
2025020808|NYR|SJS|FUT|N/A
2025020809|ANA|SEA|FUT|N/A
2025020810|BUF|NYI|FUT|N/A
2025020811|UTA|NSH|FUT|N/A
2025020812|MTL|BOS|FUT|N/A
2025020813|CAR|OTT|FUT|N/A
2025020814|TBL|CBJ|FUT|N/A
2025020815|DET|WPG|FUT|N/A
2025020816|LAK|STL|FUT|N/A
2025020817|FLA|MIN|FUT|N/A
2025020818|WSH|EDM|FUT|N/A
2025020819|COL|TOR|FUT|N/A
2025020820|NJD|SEA|FUT|N/A
2025020821|VGK|OTT|FUT|N/A
2025020822|PIT|VAN|FUT|N/A
2025020823|FLA|CHI|FUT|N/A
2025020824|ANA|CGY|FUT|N/A
2025020825|UTA|TBL|FUT|N/A
2025020826|BOS|NYR|FUT|N/A
2025020827|NYI|PHI|FUT|N/A
2025020828|LAK|CBJ|FUT|N/A
2025020829|ANA|EDM|FUT|N/A
2025020830|NSH|BOS|FUT|N/A
2025020831|BUF|TOR|FUT|N/A
2025020832|VGK|MTL|FUT|N/A
2025020833|LAK|DET|FUT|N/A
2025020834|UTA|FLA|FUT|N/A
2025020835|WPG|NJD|FUT|N/A
2025020836|DAL|STL|FUT|N/A
2025020837|CHI|MIN|FUT|N/A
2025020838|SJS|VAN|FUT|N/A
2025020839|WSH|SEA|FUT|N/A
2025020840|PHI|CBJ|FUT|N/A
2025020841|COL|OTT|FUT|N/A
2025020842|NYR|NYI|FUT|N/A
2025020843|PHI|BOS|FUT|N/A
2025020844|LAK|BUF|FUT|N/A
2025020845|COL|MTL|FUT|N/A
2025020847|WPG|TBL|FUT|N/A
2025020848|NSH|NJD|FUT|N/A
2025020849|NYI|NYR|FUT|N/A
2025020850|CHI|PIT|FUT|N/A
2025020851|UTA|CAR|FUT|N/A
2025020846|WSH|DET|FUT|N/A
2025020852|FLA|STL|FUT|N/A
2025020853|CGY|MIN|FUT|N/A
2025020854|SJS|EDM|FUT|N/A
2025020855|ANA|VAN|FUT|N/A
2025020856|DAL|VGK|FUT|N/A
2025020857|TOR|SEA|FUT|N/A
2025020858|CBJ|CHI|FUT|N/A
2025020859|LAK|PHI|FUT|N/A
2025020860|COL|DET|FUT|N/A
2025020861|NYR|PIT|FUT|N/A
2025020862|WPG|FLA|FUT|N/A
2025020863|SJS|CGY|FUT|N/A
2025020864|CAR|WSH|FUT|N/A
2025020865|MTL|BUF|FUT|N/A
2025020866|NJD|OTT|FUT|N/A
2025020867|NSH|NYI|FUT|N/A
2025020868|CBJ|STL|FUT|N/A
2025020869|TOR|VAN|FUT|N/A
2025020870|DAL|UTA|FUT|N/A
2025020871|MIN|EDM|FUT|N/A
2025020872|SEA|VGK|FUT|N/A
2025020873|BOS|TBL|FUT|N/A
2025020874|LAK|CAR|FUT|N/A
2025020875|VGK|ANA|FUT|N/A
2025020876|BUF|FLA|FUT|N/A
2025020877|OTT|PIT|FUT|N/A
2025020878|NYI|WSH|FUT|N/A
2025020879|MTL|MIN|FUT|N/A
2025020880|STL|NSH|FUT|N/A
2025020881|SJS|CHI|FUT|N/A
2025020882|WPG|DAL|FUT|N/A
2025020883|DET|COL|FUT|N/A
2025020884|VAN|UTA|FUT|N/A
2025020885|TOR|CGY|FUT|N/A
2025020887|CBJ|NJD|FUT|N/A
2025020889|WSH|PHI|FUT|N/A
2025020890|OTT|CAR|FUT|N/A
2025020886|BUF|TBL|FUT|N/A
2025020888|PIT|NYI|FUT|N/A
2025020891|TOR|EDM|FUT|N/A
2025020892|SEA|ANA|FUT|N/A
2025020893|BOS|FLA|FUT|N/A
2025020894|CHI|CBJ|FUT|N/A
2025020895|MTL|WPG|FUT|N/A
2025020896|MIN|NSH|FUT|N/A
2025020897|SJS|COL|FUT|N/A
2025020898|DET|UTA|FUT|N/A
2025020899|STL|DAL|FUT|N/A
2025020900|EDM|CGY|FUT|N/A
2025020901|VAN|VGK|FUT|N/A
2025020902|SEA|LAK|FUT|N/A
2025020903|PIT|BUF|FUT|N/A
2025020905|NYI|NJD|FUT|N/A
2025020906|CAR|NYR|FUT|N/A
2025020907|OTT|PHI|FUT|N/A
2025020908|NSH|WSH|FUT|N/A
2025020904|FLA|TBL|FUT|N/A
2025020909|LAK|VGK|FUT|N/A
2025020910|BUF|NJD|FUT|N/A
2025020911|PHI|WSH|FUT|N/A
2025020912|TOR|TBL|FUT|N/A
2025020913|SEA|DAL|FUT|N/A
2025020914|COL|UTA|FUT|N/A
2025020915|WPG|VAN|FUT|N/A
2025020916|VGK|LAK|FUT|N/A
2025020917|EDM|ANA|FUT|N/A
2025020918|CBJ|BOS|FUT|N/A
2025020919|NYI|MTL|FUT|N/A
2025020920|DET|OTT|FUT|N/A
2025020921|TOR|FLA|FUT|N/A
2025020922|NJD|PIT|FUT|N/A
2025020923|TBL|CAR|FUT|N/A
2025020924|PHI|NYR|FUT|N/A
2025020925|SEA|STL|FUT|N/A
2025020926|CHI|NSH|FUT|N/A
2025020927|MIN|COL|FUT|N/A
2025020928|CGY|SJS|FUT|N/A
2025020929|EDM|LAK|FUT|N/A
2025020930|BUF|FLA|FUT|N/A
2025020931|VGK|WSH|FUT|N/A
2025020932|MIN|UTA|FUT|N/A
2025020933|WPG|ANA|FUT|N/A
2025020934|PIT|NYR|FUT|N/A
2025020935|BOS|PHI|FUT|N/A
2025020936|EDM|SJS|FUT|N/A
2025020943|NJD|STL|FUT|N/A
2025020937|NYI|CBJ|FUT|N/A
2025020938|CHI|COL|FUT|N/A
2025020939|OTT|TOR|FUT|N/A
2025020940|WSH|MTL|FUT|N/A
2025020941|BUF|TBL|FUT|N/A
2025020942|DET|CAR|FUT|N/A
2025020944|CGY|LAK|FUT|N/A
2025020945|NSH|DAL|FUT|N/A
2025020946|VAN|SEA|FUT|N/A
2025020947|VGK|PIT|FUT|N/A
2025020949|CHI|UTA|FUT|N/A
2025020950|WPG|SJS|FUT|N/A
2025020951|STL|MIN|FUT|N/A
2025020948|FLA|NYI|FUT|N/A
2025020952|CGY|ANA|FUT|N/A
2025020953|CBJ|NYR|FUT|N/A
2025020954|PHI|TOR|FUT|N/A
2025020955|DET|NSH|FUT|N/A
2025020956|DAL|VAN|FUT|N/A
2025020957|CAR|SEA|FUT|N/A
2025020958|COL|LAK|FUT|N/A
2025020959|PIT|BOS|FUT|N/A
2025020960|VGK|BUF|FUT|N/A
2025020961|FLA|NJD|FUT|N/A
2025020962|UTA|WSH|FUT|N/A
2025020963|NSH|CBJ|FUT|N/A
2025020964|CHI|WPG|FUT|N/A
2025020965|DAL|CGY|FUT|N/A
2025020966|OTT|EDM|FUT|N/A
2025020967|TBL|MIN|FUT|N/A
2025020968|COL|ANA|FUT|N/A
2025020969|MTL|SJS|FUT|N/A
2025020970|VGK|DET|FUT|N/A
2025020971|TOR|NJD|FUT|N/A
2025020972|CAR|VAN|FUT|N/A
2025020973|NYI|ANA|FUT|N/A
2025020974|STL|SEA|FUT|N/A
2025020975|TOR|NYR|FUT|N/A
2025020976|UTA|PHI|FUT|N/A
2025020977|BUF|PIT|FUT|N/A
2025020978|FLA|CBJ|FUT|N/A
2025020979|BOS|NSH|FUT|N/A
2025020980|TBL|WPG|FUT|N/A
2025020981|OTT|CGY|FUT|N/A
2025020982|NYI|LAK|FUT|N/A
2025020983|FLA|DET|FUT|N/A
2025020984|COL|DAL|FUT|N/A
2025020985|VAN|CHI|FUT|N/A
2025020986|CAR|EDM|FUT|N/A
2025020987|MTL|ANA|FUT|N/A
2025020988|MIN|VGK|FUT|N/A
2025020989|STL|SJS|FUT|N/A
2025020990|WSH|BOS|FUT|N/A
2025020991|NYR|NJD|FUT|N/A
2025020992|NSH|BUF|FUT|N/A
2025020993|PHI|PIT|FUT|N/A
2025020994|TBL|TOR|FUT|N/A
2025020995|UTA|CBJ|FUT|N/A
2025020996|VAN|WPG|FUT|N/A
2025020997|MTL|LAK|FUT|N/A
2025020998|CAR|CGY|FUT|N/A
2025020999|NYI|SJS|FUT|N/A
2025021000|OTT|SEA|FUT|N/A
2025021001|MIN|COL|FUT|N/A
2025021002|BOS|PIT|FUT|N/A
2025021003|TBL|BUF|FUT|N/A
2025021004|CHI|DAL|FUT|N/A
2025021005|DET|NJD|FUT|N/A
2025021006|STL|ANA|FUT|N/A
2025021007|EDM|VGK|FUT|N/A
2025021008|NYR|PHI|FUT|N/A
2025021009|CGY|WSH|FUT|N/A
2025021010|UTA|CHI|FUT|N/A
2025021011|OTT|VAN|FUT|N/A
2025021012|LAK|BOS|FUT|N/A
2025021013|SJS|BUF|FUT|N/A
2025021014|TOR|MTL|FUT|N/A
2025021015|CBJ|TBL|FUT|N/A
2025021016|DET|FLA|FUT|N/A
2025021017|CGY|NYR|FUT|N/A
2025021018|PIT|CAR|FUT|N/A
2025021019|NYI|STL|FUT|N/A
2025021020|VGK|DAL|FUT|N/A
2025021021|UTA|MIN|FUT|N/A
2025021022|ANA|WPG|FUT|N/A
2025021023|EDM|COL|FUT|N/A
2025021024|NSH|SEA|FUT|N/A
2025021025|MTL|OTT|FUT|N/A
2025021026|WSH|PHI|FUT|N/A
2025021027|SJS|BOS|FUT|N/A
2025021028|WSH|BUF|FUT|N/A
2025021029|ANA|TOR|FUT|N/A
2025021030|DET|TBL|FUT|N/A
2025021031|CBJ|FLA|FUT|N/A
2025021032|CGY|NJD|FUT|N/A
2025021033|STL|CAR|FUT|N/A
2025021034|EDM|DAL|FUT|N/A
2025021035|PHI|MIN|FUT|N/A
2025021036|NYR|WPG|FUT|N/A
2025021037|CHI|UTA|FUT|N/A
2025021038|NSH|VAN|FUT|N/A
2025021039|PIT|VGK|FUT|N/A
2025021040|COL|SEA|FUT|N/A
2025021041|LAK|NYI|FUT|N/A
2025021042|EDM|STL|FUT|N/A
2025021043|ANA|OTT|FUT|N/A
2025021044|BOS|WSH|FUT|N/A
2025021045|COL|WPG|FUT|N/A
2025021046|NYR|MIN|FUT|N/A
2025021047|TOR|BUF|FUT|N/A
2025021048|SJS|MTL|FUT|N/A
2025021049|CAR|TBL|FUT|N/A
2025021050|LAK|NJD|FUT|N/A
2025021051|CGY|NYI|FUT|N/A
2025021052|CBJ|PHI|FUT|N/A
2025021053|DET|DAL|FUT|N/A
2025021054|PIT|UTA|FUT|N/A
2025021055|SEA|VAN|FUT|N/A
2025021056|CHI|VGK|FUT|N/A
2025021057|STL|WPG|FUT|N/A
2025021058|SJS|OTT|FUT|N/A
2025021059|ANA|MTL|FUT|N/A
2025021060|TOR|MIN|FUT|N/A
2025021061|NSH|EDM|FUT|N/A
2025021062|FLA|SEA|FUT|N/A
2025021063|CGY|DET|FUT|N/A
2025021064|BOS|NJD|FUT|N/A
2025021065|LAK|NYR|FUT|N/A
2025021066|UTA|DAL|FUT|N/A
2025021067|PIT|COL|FUT|N/A
2025021068|NYI|TOR|FUT|N/A
2025021069|BOS|MTL|FUT|N/A
2025021070|CAR|CBJ|FUT|N/A
2025021072|MIN|CHI|FUT|N/A
2025021071|NSH|WPG|FUT|N/A
2025021073|SJS|EDM|FUT|N/A
2025021074|FLA|VAN|FUT|N/A
2025021075|BUF|VGK|FUT|N/A
2025021076|TBL|SEA|FUT|N/A
2025021077|NJD|NYR|FUT|N/A
2025021078|PIT|CAR|FUT|N/A
2025021079|OTT|WSH|FUT|N/A
2025021080|DAL|COL|FUT|N/A
2025021081|STL|CGY|FUT|N/A
2025021082|PHI|ANA|FUT|N/A
2025021083|WPG|BOS|FUT|N/A
2025021084|NYI|OTT|FUT|N/A
2025021085|MTL|DET|FUT|N/A
2025021086|NYR|CBJ|FUT|N/A
2025021088|CHI|MIN|FUT|N/A
2025021087|SEA|NSH|FUT|N/A
2025021089|FLA|EDM|FUT|N/A
2025021090|TBL|VAN|FUT|N/A
2025021091|UTA|VGK|FUT|N/A
2025021092|BUF|SJS|FUT|N/A
2025021093|PHI|LAK|FUT|N/A
2025021094|CAR|TOR|FUT|N/A
2025021095|NJD|WSH|FUT|N/A
2025021096|COL|CHI|FUT|N/A
2025021097|FLA|CGY|FUT|N/A
2025021098|ANA|UTA|FUT|N/A
2025021099|WPG|PIT|FUT|N/A
2025021100|VGK|NSH|FUT|N/A
2025021101|DAL|MIN|FUT|N/A
2025021102|BUF|LAK|FUT|N/A
2025021103|PHI|SJS|FUT|N/A
2025021104|SEA|CBJ|FUT|N/A
2025021105|NYI|MTL|FUT|N/A
2025021106|TOR|OTT|FUT|N/A
2025021107|STL|VAN|FUT|N/A
2025021108|BOS|DET|FUT|N/A
2025021109|TBL|EDM|FUT|N/A
2025021110|WPG|NYR|FUT|N/A
2025021111|COL|WSH|FUT|N/A
2025021112|CAR|PIT|FUT|N/A
2025021113|NSH|CHI|FUT|N/A
2025021114|CBJ|NYI|FUT|N/A
2025021115|VGK|DAL|FUT|N/A
2025021116|TBL|CGY|FUT|N/A
2025021117|BUF|ANA|FUT|N/A
2025021118|LAK|UTA|FUT|N/A
2025021119|OTT|NYR|FUT|N/A
2025021120|TOR|BOS|FUT|N/A
2025021121|CAR|MTL|FUT|N/A
2025021122|OTT|DET|FUT|N/A
2025021123|SEA|FLA|FUT|N/A
2025021124|CHI|NYI|FUT|N/A
2025021125|CBJ|PHI|FUT|N/A
2025021126|COL|PIT|FUT|N/A
2025021127|MIN|TBL|FUT|N/A
2025021128|WSH|STL|FUT|N/A
2025021129|SJS|NSH|FUT|N/A
2025021130|NJD|DAL|FUT|N/A
2025021131|VGK|WPG|FUT|N/A
2025021133|LAK|CGY|FUT|N/A
2025021132|EDM|UTA|FUT|N/A
2025021134|ANA|VAN|FUT|N/A
2025021135|BOS|BUF|FUT|N/A
2025021136|NYR|TOR|FUT|N/A
2025021137|CBJ|MTL|FUT|N/A
2025021138|PIT|OTT|FUT|N/A
2025021139|SEA|TBL|FUT|N/A
2025021140|MIN|FLA|FUT|N/A
2025021141|DAL|NYI|FUT|N/A
2025021142|CHI|PHI|FUT|N/A
2025021143|SJS|STL|FUT|N/A
2025021144|NJD|NSH|FUT|N/A
2025021145|COL|WPG|FUT|N/A
2025021146|WSH|UTA|FUT|N/A
2025021147|ANA|CGY|FUT|N/A
2025021148|EDM|VGK|FUT|N/A
2025021149|LAK|VAN|FUT|N/A
2025021150|DET|BUF|FUT|N/A
2025021151|CHI|NYR|FUT|N/A
2025021152|OTT|TBL|FUT|N/A
2025021153|FLA|NYI|FUT|N/A
2025021154|ANA|EDM|FUT|N/A
2025021155|MIN|BOS|FUT|N/A
2025021156|DAL|PIT|FUT|N/A
2025021157|NJD|CAR|FUT|N/A
2025021158|SJS|CBJ|FUT|N/A
2025021159|SEA|BUF|FUT|N/A
2025021160|TOR|STL|FUT|N/A
2025021161|MTL|NSH|FUT|N/A
2025021162|WPG|COL|FUT|N/A
2025021163|PHI|DET|FUT|N/A
2025021164|UTA|LAK|FUT|N/A
2025021165|VAN|CGY|FUT|N/A
2025021166|WSH|VGK|FUT|N/A
2025021167|FLA|NYR|FUT|N/A
2025021168|NSH|TBL|FUT|N/A
2025021169|MTL|CAR|FUT|N/A
2025021170|BOS|CBJ|FUT|N/A
2025021171|CHI|NJD|FUT|N/A
2025021172|DAL|PHI|FUT|N/A
2025021173|PIT|NYI|FUT|N/A
2025021174|CGY|COL|FUT|N/A
2025021175|VAN|VGK|FUT|N/A
2025021176|TOR|ANA|FUT|N/A
2025021177|STL|SJS|FUT|N/A
2025021178|DAL|BOS|FUT|N/A
2025021179|NYI|BUF|FUT|N/A
2025021180|MTL|TBL|FUT|N/A
2025021181|OTT|FLA|FUT|N/A
2025021182|NJD|NYR|FUT|N/A
2025021183|DET|PIT|FUT|N/A
2025021184|PHI|WSH|FUT|N/A
2025021185|CAR|CBJ|FUT|N/A
2025021186|WPG|CHI|FUT|N/A
2025021187|SEA|EDM|FUT|N/A
2025021188|VAN|COL|FUT|N/A
2025021189|STL|LAK|FUT|N/A
2025021190|ANA|SJS|FUT|N/A
2025021191|BUF|OTT|FUT|N/A
2025021192|PIT|TBL|FUT|N/A
2025021193|BOS|FLA|FUT|N/A
2025021195|MTL|NYR|FUT|N/A
2025021196|DET|PHI|FUT|N/A
2025021197|CBJ|CAR|FUT|N/A
2025021194|WSH|NJD|FUT|N/A
2025021198|WPG|DAL|FUT|N/A
2025021199|VAN|MIN|FUT|N/A
2025021200|CHI|EDM|FUT|N/A
2025021201|CGY|VGK|FUT|N/A
2025021202|TOR|SJS|FUT|N/A
2025021203|UTA|SEA|FUT|N/A
2025021204|NSH|LAK|FUT|N/A
2025021205|PHI|NYI|FUT|N/A
2025021206|STL|ANA|FUT|N/A
2025021207|DET|NYR|FUT|N/A
2025021208|MIN|OTT|FUT|N/A
2025021209|COL|DAL|FUT|N/A
2025021210|BOS|TBL|FUT|N/A
2025021211|FLA|PIT|FUT|N/A
2025021212|MTL|NJD|FUT|N/A
2025021213|BUF|WSH|FUT|N/A
2025021214|NYI|CAR|FUT|N/A
2025021215|WPG|CBJ|FUT|N/A
2025021216|UTA|VAN|FUT|N/A
2025021217|TOR|LAK|FUT|N/A
2025021218|VGK|EDM|FUT|N/A
2025021219|CGY|ANA|FUT|N/A
2025021220|NSH|SJS|FUT|N/A
2025021221|CHI|SEA|FUT|N/A
2025021222|MIN|DET|FUT|N/A
2025021223|FLA|PIT|FUT|N/A
2025021224|BOS|PHI|FUT|N/A
2025021225|CAR|OTT|FUT|N/A
2025021226|NJD|MTL|FUT|N/A
2025021227|WSH|NYR|FUT|N/A
2025021228|STL|COL|FUT|N/A
2025021229|TBL|BUF|FUT|N/A
2025021230|SEA|WPG|FUT|N/A
2025021231|CHI|SJS|FUT|N/A
2025021232|NSH|LAK|FUT|N/A
2025021233|FLA|MTL|FUT|N/A
2025021234|TBL|OTT|FUT|N/A
2025021235|CBJ|DET|FUT|N/A
2025021236|PHI|NJD|FUT|N/A
2025021237|BOS|CAR|FUT|N/A
2025021238|COL|STL|FUT|N/A
2025021239|CGY|DAL|FUT|N/A
2025021240|SEA|MIN|FUT|N/A
2025021241|EDM|UTA|FUT|N/A
2025021242|VGK|VAN|FUT|N/A
2025021243|NSH|ANA|FUT|N/A
2025021244|BUF|NYR|FUT|N/A
2025021245|WSH|TOR|FUT|N/A
2025021246|EDM|SJS|FUT|N/A
2025021252|TOR|NYI|FUT|N/A
2025021247|CBJ|BUF|FUT|N/A
2025021248|TBL|MTL|FUT|N/A
2025021249|FLA|OTT|FUT|N/A
2025021250|PHI|DET|FUT|N/A
2025021251|PIT|NJD|FUT|N/A
2025021253|WPG|STL|FUT|N/A
2025021255|CAR|CHI|FUT|N/A
2025021254|MIN|DAL|FUT|N/A
2025021256|CGY|COL|FUT|N/A
2025021257|NSH|UTA|FUT|N/A
2025021258|SJS|ANA|FUT|N/A
2025021259|VGK|SEA|FUT|N/A
2025021260|VAN|LAK|FUT|N/A
2025021261|TBL|BOS|FUT|N/A
2025021262|OTT|NYI|FUT|N/A
2025021263|WSH|PIT|FUT|N/A
2025021264|EDM|LAK|FUT|N/A
2025021265|NJD|DET|FUT|N/A
2025021266|STL|CHI|FUT|N/A
2025021267|MIN|NSH|FUT|N/A
2025021268|NYR|DAL|FUT|N/A
2025021269|CAR|UTA|FUT|N/A
2025021270|FLA|TOR|FUT|N/A
2025021271|CBJ|MTL|FUT|N/A
2025021272|PHI|WPG|FUT|N/A
2025021273|CGY|SEA|FUT|N/A
2025021274|VGK|COL|FUT|N/A
2025021275|VAN|SJS|FUT|N/A
2025021276|PIT|WSH|FUT|N/A
2025021277|MTL|NYI|FUT|N/A
2025021278|BOS|CBJ|FUT|N/A
2025021279|OTT|NJD|FUT|N/A
2025021280|VAN|ANA|FUT|N/A
2025021281|UTA|CGY|FUT|N/A
2025021282|DET|TBL|FUT|N/A
2025021283|NYR|FLA|FUT|N/A
2025021284|CAR|PHI|FUT|N/A
2025021285|DAL|TOR|FUT|N/A
2025021286|MIN|STL|FUT|N/A
2025021287|SJS|NSH|FUT|N/A
2025021288|BUF|CHI|FUT|N/A
2025021289|COL|EDM|FUT|N/A
2025021291|LAK|SEA|FUT|N/A
2025021290|WPG|VGK|FUT|N/A
2025021292|NJD|BOS|FUT|N/A
2025021293|CAR|NYI|FUT|N/A
2025021294|MTL|PHI|FUT|N/A
2025021295|WSH|CBJ|FUT|N/A
2025021296|ANA|MIN|FUT|N/A
2025021297|WPG|UTA|FUT|N/A
2025021298|COL|CGY|FUT|N/A
2025021299|PIT|STL|FUT|N/A
2025021300|LAK|VAN|FUT|N/A
2025021301|DAL|BUF|FUT|N/A
2025021302|NYR|TBL|FUT|N/A
2025021303|DET|FLA|FUT|N/A
2025021304|TOR|OTT|FUT|N/A
2025021305|SJS|CHI|FUT|N/A
2025021306|SEA|VGK|FUT|N/A
2025021307|ANA|NSH|FUT|N/A
2025021308|SJS|WPG|FUT|N/A
2025021309|STL|UTA|FUT|N/A
2025021310|LAK|CGY|FUT|N/A
2025021311|VAN|EDM|FUT|N/A
2025021312|SEA|COL|FUT|N/A
